id,category,topic,question,answer,keywords,context,related_topics
creator_001,pencipta,Identitas Tim,Siapa yang membuat ECOMBOT?,ECOMBOT dibuat oleh tim GreenVerse yaitu tim kolaboratif yang tergabung dalam PKM-AMLI skema Riset Sosial Humaniora (RSH). Tim ini berfokus pada penguatan literasi lingkungan melalui pengembangan media pembelajaran digital sebagai sarana literasi lingkungan dengan kearifan lokal yang relevan dalam pembelajaran abad ke-21.,"ecombot,greenverse,pencipta,tim,PKM-AMLI,RSH",identitas_pencipta,"creator_002,character_001"
creator_002,pencipta,Anggota Tim,Siapa saja anggota tim GreenVerse?,Tim GreenVerse terdiri dari lima orang: Nasrul Adadi (Pendidikan Kimia); Desi Fauza Nurjanah (Pendidikan Kimia); Defrizal Yahdiyan Risyad (Ilmu Komputer); Muhammad Ridho Fajri (Pendidikan Ilmu Komputer); Muhammad Fathin Mughits (Pendidikan Ilmu Komputer). Tim ini merupakan kolaborasi lintas disiplin ilmu antara pendidikan kimia dan ilmu komputer.,"anggota tim,greenverse,nasrul adadi,desi fauza,defrizal,ridho fajri,fathin mughits",anggota_tim,"creator_001,creator_003"
creator_003,pencipta,Program PKM-AMLI,Apa itu PKM-AMLI?,PKM-AMLI adalah Program Kreativitas Mahasiswa bidang Artikel Ilmiah yang merupakan skema Riset Sosial Humaniora (RSH). Program ini mendukung mahasiswa dalam melakukan penelitian dan pengembangan yang berfokus pada aspek sosial dan kemanusiaan termasuk literasi lingkungan dan pengembangan media pembelajaran digital.,"PKM-AMLI,program,riset sosial humaniora,RSH",program_pendanaan,"creator_001,creator_004"
creator_004,pencipta,Visi Tim GreenVerse,Apa visi tim GreenVerse?,Visi tim GreenVerse adalah menguatkan literasi lingkungan melalui pengembangan media pembelajaran digital yang mengintegrasikan kearifan lokal dan relevan dengan pembelajaran abad ke-21. Tim ini percaya bahwa teknologi dapat menjadi jembatan antara tradisi lokal dan pendidikan modern untuk menciptakan kesadaran lingkungan yang berkelanjutan.,"visi,misi,literasi lingkungan,media digital,abad 21",visi_misi,"creator_001,value_001"
creator_005,pencipta,Kolaborasi Interdisipliner,Mengapa tim GreenVerse interdisipliner?,Tim GreenVerse menggabungkan keahlian dari Pendidikan Kimia dan Ilmu Komputer untuk menciptakan solusi pembelajaran yang komprehensif. Pendidikan Kimia memberikan konten ilmiah tentang lingkungan dan kimia hijau sementara Ilmu Komputer mengembangkan platform teknologi chatbot yang interaktif dan mudah diakses.,"interdisipliner,kolaborasi,pendidikan kimia,ilmu komputer,keahlian",kolaborasi_tim,"creator_002,creator_004"
creator_006,pencipta,Peran Nasrul Adadi,Apa peran Nasrul Adadi dalam tim?,Nasrul Adadi dari Pendidikan Kimia berperan dalam mengembangkan konten pembelajaran terkait kimia hijau aspek sains lingkungan dan integrasi konsep kimia dalam tradisi Mapag Hujan. Keahliannya memastikan konten yang disampaikan ECOMBOT akurat secara ilmiah dan mudah dipahami.,"nasrul adadi,pendidikan kimia,konten,peran",peran_anggota,"creator_002,green_001"
creator_007,pencipta,Peran Desi Fauza,Apa peran Desi Fauza Nurjanah dalam tim?,Desi Fauza Nurjanah dari Pendidikan Kimia berkontribusi dalam merancang materi pembelajaran kimia hijau dan mengintegrasikannya dengan aspek budaya lokal. Ia juga membantu mengembangkan konten yang sesuai dengan kurikulum pendidikan dan mudah dipahami siswa.,"desi fauza,pendidikan kimia,materi pembelajaran,peran",peran_anggota,"creator_002,green_001"
creator_008,pencipta,Peran Defrizal,Apa peran Defrizal Yahdiyan Risyad dalam tim?,Defrizal Yahdiyan Risyad dari Ilmu Komputer berperan dalam pengembangan arsitektur sistem chatbot merancang algoritma respons dan mengintegrasikan teknologi AI untuk membuat ECOMBOT dapat berinteraksi secara natural dengan pengguna.,"defrizal,ilmu komputer,pengembangan sistem,AI,peran",peran_anggota,"creator_002,character_004"
creator_009,pencipta,Peran Muhammad Ridho,Apa peran Muhammad Ridho Fajri dalam tim?,Muhammad Ridho Fajri dari Pendidikan Ilmu Komputer berkontribusi dalam pengembangan antarmuka pengguna (UI/UX) dan memastikan platform ECOMBOT mudah digunakan oleh siswa dan guru. Ia juga membantu dalam pengembangan konten interaktif dan multimedia.,"ridho fajri,pendidikan ilmu komputer,UI/UX,peran",peran_anggota,"creator_002,character_004"
creator_010,pencipta,Peran Muhammad Fathin,Apa peran Muhammad Fathin Mughits dalam tim?,Muhammad Fathin Mughits dari Pendidikan Ilmu Komputer berperan dalam pengembangan database sistem manajemen konten dan testing platform ECOMBOT. Ia memastikan sistem berjalan stabil dan data pembelajaran tersimpan dengan baik.,"fathin mughits,pendidikan ilmu komputer,database,testing,peran",peran_anggota,"creator_002,character_004"
creator_011,pencipta,Nama ECOMBOT,Apa arti nama ECOMBOT?,ECOMBOT adalah singkatan yang menggabungkan ECO (ecology/ekologi) dan BOT (robot/chatbot). Nama ini mencerminkan misi platform sebagai asisten virtual yang membantu pembelajaran tentang ekologi lingkungan dan tradisi lokal yang berkelanjutan melalui teknologi chatbot.,"ecombot,nama,arti,ecology,chatbot",identitas_produk,"creator_001,character_001"
creator_012,pencipta,Latar Belakang Pembuatan,Mengapa ECOMBOT dibuat?,ECOMBOT dibuat untuk menjawab kebutuhan akan media pembelajaran yang interaktif dan mudah diakses tentang literasi lingkungan. Tim GreenVerse melihat pentingnya mengintegrasikan kearifan lokal seperti tradisi Mapag Hujan dengan pendekatan sains dan teknologi modern untuk menciptakan pembelajaran yang bermakna dan relevan bagi generasi digital.,"latar belakang,alasan,motivasi,kebutuhan",motivasi_pembuatan,"creator_001,value_001"
creator_013,pencipta,Inovasi ECOMBOT,Apa inovasi yang ditawarkan ECOMBOT?,ECOMBOT menawarkan inovasi berupa integrasi kearifan lokal (tradisi Mapag Hujan) dengan pendekatan STEAM (Science Technology Engineering Arts Mathematics) dalam format chatbot interaktif. Pengguna dapat belajar secara mandiri dengan bimbingan Aquano robot virtual berbaju adat Sunda yang ramah dan informatif.,"inovasi,keunggulan,diferensiasi,STEAM",keunggulan_produk,"creator_001,character_001,integration_001"
creator_014,pencipta,Target Pengguna,Siapa target pengguna ECOMBOT?,Target utama ECOMBOT adalah siswa tingkat SMP dan SMA yang belajar tentang lingkungan dan kimia hijau. Selain itu ECOMBOT juga dapat digunakan oleh guru sebagai media pembelajaran masyarakat umum yang ingin belajar tentang Mapag Hujan dan siapa saja yang peduli terhadap isu lingkungan.,"target,pengguna,siswa,guru,masyarakat",target_audiens,"creator_004,value_001"
creator_015,pencipta,Dampak yang Diharapkan,Apa dampak yang diharapkan dari ECOMBOT?,Tim GreenVerse berharap ECOMBOT dapat meningkatkan literasi lingkungan di kalangan pelajar dan masyarakat menumbuhkan kesadaran akan pentingnya melestarikan tradisi lokal yang berkelanjutan mendorong tindakan nyata dalam menjaga lingkungan dan menjadi model integrasi teknologi dengan kearifan lokal dalam pendidikan.,"dampak,harapan,tujuan,outcome",dampak_diharapkan,"creator_004,value_005"
creator_016,pencipta,Kontak Tim,Bagaimana menghubungi tim GreenVerse?,Untuk informasi lebih lanjut pertanyaan atau saran tentang ECOMBOT Anda dapat menghubungi tim GreenVerse melalui platform tempat ECOMBOT dihosting atau melalui institusi pendidikan tempat anggota tim bernaung. Tim terbuka untuk kolaborasi dan feedback untuk pengembangan ECOMBOT lebih lanjut.,"kontak,hubungi,komunikasi,feedback",informasi_kontak,"creator_001,resource_002"
about_001,tentang_ecombot,Apa itu ECOMBOT?,Apa itu ECOMBOT?,ECOMBOT adalah chatbot edukatif yang dikembangkan oleh tim GreenVerse untuk membantu pembelajaran tentang tradisi Mapag Hujan kimia hijau dan literasi lingkungan. ECOMBOT menghadirkan Aquano sebagai pemandu virtual berbaju adat Sunda yang siap menjawab pertanyaan dan memandu eksplorasi pembelajaran secara interaktif.,"ecombot,chatbot,edukatif,aquano,definisi",tentang_produk,"creator_001,character_001"
about_002,tentang_ecombot,Fitur ECOMBOT,Apa saja fitur ECOMBOT?,Fitur ECOMBOT mencakup: 1) Chatbot interaktif dengan Aquano sebagai pemandu 2) Konten pembelajaran STEAM terintegrasi 3) Informasi lengkap tentang tradisi Mapag Hujan 4) Penjelasan sains dan teknologi lingkungan 5) Tips praktis pengelolaan lingkungan 6) Data dan analisis efektivitas program 7) Sumber daya dan referensi tambahan.,"fitur,fungsi,kemampuan,layanan",fitur_produk,"character_004,integration_001"
about_003,tentang_ecombot,Cara Menggunakan,Bagaimana menggunakan ECOMBOT?,Menggunakan ECOMBOT sangat mudah: 1) Sapa Aquano dengan menyapa atau bertanya 2) Pilih topik yang ingin dipelajari atau ajukan pertanyaan langsung 3) Ikuti alur pembelajaran atau jelajahi secara bebas 4) Ajukan pertanyaan lanjutan untuk pendalaman materi 5) Gunakan tips dan panduan praktis yang diberikan 6) Bagikan pengetahuan yang didapat kepada orang lain.,"cara pakai,panduan,instruksi,tutorial",panduan_penggunaan,"greeting_001,character_004"
greeting_006,interaksi,Tentang Tim,Siapa pembuat chatbot ini?,Hai! Chatbot ECOMBOT ini dibuat oleh tim GreenVerse yang terdiri dari lima mahasiswa berbakat dari Pendidikan Kimia dan Ilmu Komputer. Kami berkolaborasi dalam program PKM-AMLI untuk menghadirkan media pembelajaran digital yang mengintegrasikan kearifan lokal dengan sains dan teknologi modern. Senang berkenalan denganmu!,"pembuat,kreator,tim,greenverse",info_pencipta,"creator_001,creator_002"
intro_001,pengenalan,Definisi Mapag Hujan,Apa itu Mapag Hujan?,Mapag Hujan merupakan tradisi masyarakat Jawa Barat khususnya di wilayah Subang dan Bandung yang dilaksanakan untuk menyambut datangnya musim hujan. Tradisi ini tidak hanya memiliki nilai spiritual melalui kegiatan doa dan pertunjukan seni tetapi juga menjadi sarana gotong royong masyarakat dalam membersihkan sungai saluran air dan lingkungan sekitar.,"mapag hujan,tradisi,jawa barat,bandung,subang,musim hujan",pengenalan_tradisi,"intro_002,intro_003,value_001"
intro_002,pengenalan,Definisi Mapag Hujan,Apa itu Mapag Hujan?,Mapag Hujan merupakan tradisi masyarakat Jawa Barat khususnya di wilayah Subang dan Bandung yang dilaksanakan untuk menyambut datangnya musim hujan. Tradisi ini tidak hanya memiliki nilai spiritual melalui kegiatan doa dan pertunjukan seni tetapi juga menjadi sarana gotong royong masyarakat dalam membersihkan sungai saluran air dan lingkungan sekitar.,"mapag hujan,tradisi,jawa barat,bandung,subang,musim hujan",pengenalan_tradisi,"intro_002,intro_003,value_001"
intro_003,pengenalan,Maraton Bebersih,Apa itu Maraton Bebersih Walungan dan Susukan?,Maraton Bebersih Walungan dan Susukan adalah gerakan yang didukung pemerintah komunitas akademisi dan masyarakat untuk membersihkan sungai (walungan) dan saluran air (susukan) dalam rangka mitigasi banjir di Kota Bandung. Kegiatan ini merupakan bagian dari tradisi Mapag Hujan yang lebih difokuskan pada upaya meningkatkan daya resapan air dan mengelola sampah.,"maraton bebersih,walungan,susukan,bersih sungai,mitigasi banjir",kegiatan_utama,"intro_001,tech_001"
intro_004,pengenalan,Filosofi Sunda,Apa arti Seba Tangkal Muru Cai?,Seba Tangkal Muru Cai adalah peribahasa dalam bahasa Sunda yang mencerminkan filosofi tradisi Mapag Hujan. Makna filosofisnya berkaitan dengan upaya menanam pohon (seba tangkal) untuk mengejar atau menjaga air (muru cai) yang sejalan dengan prinsip konservasi air dan pelestarian lingkungan.,"seba tangkal muru cai,peribahasa sunda,filosofi,konservasi air",filosofi_tradisi,"intro_001,tech_002"
intro_005,pengenalan,Wilayah Bandung,Bagaimana Mapag Hujan di Bandung?,Di Kota Bandung kegiatan Mapag Hujan lebih difokuskan pada upaya mitigasi banjir dengan cara meningkatkan daya resapan air mengelola sampah serta melestarikan lingkungan. Kegiatan ini didukung berbagai pihak seperti pemerintah komunitas akademisi dan masyarakat melalui gerakan Maraton Bebersih Walungan dan Susukan.,"bandung,kota bandung,mitigasi banjir,resapan air",pelaksanaan_bandung,"intro_001,intro_002"
intro_006,pengenalan,Wilayah Subang,Bagaimana Mapag Hujan di Subang?,Di Kabupaten Subang tradisi Ruwat Jagat Mapag Hujan dilaksanakan dengan menampilkan berbagai pertunjukan seni tradisional kegiatan gotong royong membersihkan lingkungan penanaman pohon dan penghijauan sebagai wujud rasa syukur dan kepedulian terhadap alam.,"subang,kabupaten subang,ruwat jagat,seni tradisional,gotong royong",pelaksanaan_subang,"intro_001,art_001"
green_001,kimia_hijau,Definisi Kimia Hijau,Apa itu kimia hijau?,Kimia hijau atau green chemistry adalah pendekatan yang bertujuan menjaga lingkungan supaya tetap bersih dan aman. Intinya semua proses dan produk kimia dibuat agar tidak menimbulkan limbah atau zat berbahaya bagi manusia dan alam. Kimia hijau mengarahkan semua aktivitas pada pelestarian lingkungan.,"kimia hijau,green chemistry,lingkungan,berkelanjutan",konsep_dasar_kimia_hijau,"green_002,green_003"
green_002,kimia_hijau,Pentingnya Kimia Hijau,Mengapa kimia hijau penting?,Kimia hijau memiliki peranan penting dalam mewujudkan lingkungan agar tetap terjaga dan terhindar dari pemanasan global bencana alam dan terhindar dari paparan bahan kimia berbahaya. Dalam proses kimia hijau kita harus selalu memikirkan pilihan yang lebih aman dan lebih baik pada bahan kimia maupun proses kimia.,"pentingnya,peran,pemanasan global,bencana alam,bahan berbahaya",pentingnya_kimia_hijau,"green_001,green_004"
green_003,kimia_hijau,Prinsip Kimia Hijau,Berapa prinsip kimia hijau?,Kimia hijau memiliki 12 prinsip yang diterapkan untuk menjaga lingkungan tetap bersih dan aman. Prinsip-prinsip ini mencakup pencegahan limbah penggunaan bahan yang lebih aman desain produk yang dapat terurai dan efisiensi energi.,"12 prinsip,prinsip kimia hijau,pencegahan limbah",prinsip_kimia_hijau,"green_001,green_005"
green_004,kimia_hijau,Contoh Penerapan,Apa contoh penerapan kimia hijau?,Contoh penerapan kimia hijau adalah mengganti gas pendingin CFC yang merusak lapisan ozon dengan gas yang lebih aman yaitu gas HCFC dan gas HFC. Di rumah kita bisa menerapkan prinsip kimia hijau dengan menggunakan bahan kimia secukupnya membuang pada tempatnya dan mengganti bahan berbahaya dengan bahan alami yang ramah lingkungan.,"contoh,CFC,HCFC,HFC,penerapan rumah",penerapan_kimia_hijau,"green_002,green_006"
green_005,kimia_hijau,Kimia Hijau di Rumah,Bagaimana menerapkan kimia hijau di rumah?,Prinsip kimia hijau dapat diterapkan di rumah dengan cara menggunakan bahan kimia secukupnya membuang bahan kimia pada tempatnya menyimpan dengan cara yang benar mengganti bahan kimia berbahaya dengan bahan alam yang lebih ramah lingkungan serta menggunakan kembali bahan plastik.,"rumah,penerapan praktis,bahan kimia rumah tangga,plastik",kimia_hijau_rumah_tangga,"green_004,value_003"
green_006,kimia_hijau,SDGs dan Kimia Hijau,Bagaimana hubungan kimia hijau dengan SDGs?,Kimia hijau mendukung 17 agenda pembangunan berkelanjutan hingga tahun 2030 yang dirancang PBB. Prinsip kimia hijau terintegrasi dalam agenda nomor 3 6 7 13 14 dan 15 terutama terkait hidup sehat dan sejahtera serta lingkungan yang aman dan bebas bahan berbahaya.,"SDGs,pembangunan berkelanjutan,PBB,2030,agenda",sdgs_kimia_hijau,"green_002,intro_001"
science_001,aspek_sains,Interaksi Air Hujan,Bagaimana interaksi air hujan dengan lingkungan?,Air hujan yang turun ke permukaan bumi akan berinteraksi dengan material di sekitarnya. Apabila sungai dipenuhi sampah air berpotensi melarutkan senyawa kimia berbahaya dari plastik logam berat hingga residu limbah rumah tangga. Penumpukan sampah di dasar sungai menyempitkan aliran air dan menyebabkan permukaan sungai naik sehingga lebih mudah meluap ke pemukiman saat hujan deras. Sampah yang menyumbat saluran air turut memperparah risiko banjir.,"air hujan,interaksi,lingkungan,sampah,sungai,banjir,senyawa kimia",sains_lingkungan,"science_002,tech_001"
science_002,aspek_sains,Dampak Banjir,Apa dampak banjir akibat sampah?,Apabila banjir terjadi senyawa kimia dari sampah akan terbawa ke pemukiman mencemari tanah serta berpotensi masuk ke air tanah. Hal ini membahayakan kesehatan manusia karena air yang tercemar sulit digunakan sebagai sumber kehidupan.,"banjir,dampak,pencemaran,air tanah,kesehatan,senyawa kimia",dampak_banjir,"science_001,science_003"
science_003,aspek_sains,Pencemaran Sampah,Apa pengaruh sampah terhadap kualitas lingkungan?,Pembuangan sampah sembarangan dan pengelolaan yang tidak tepat menyebabkan pencemaran pada air udara dan tanah. Pencemaran ini tidak hanya merusak ekosistem tetapi juga menimbulkan berbagai penyakit pada manusia. Sampah organik yang menumpuk akan mengalami dekomposisi dan dalam kondisi anaerob menghasilkan gas metana (CH₄) amonia (NH₃) hidrogen sulfida (H₂S) serta karbon dioksida (CO₂).,"sampah,pencemaran,lingkungan,kualitas,ekosistem",pencemaran_lingkungan,"science_004,tech_001"
science_004,aspek_sains,Gas Berbahaya,Gas apa yang dihasilkan sampah organik?,Sampah organik dalam kondisi anaerob menghasilkan gas metana (CH₄) amonia (NH₃) hidrogen sulfida (H₂S) serta karbon dioksida (CO₂). Gas-gas ini menimbulkan bau tidak sedap mencemari udara dan berkontribusi terhadap pemanasan global serta hujan asam.,"gas metana,CH4,amonia,NH3,hidrogen sulfida,H2S,CO2,dekomposisi,anaerob",gas_sampah,"science_003,science_001"
science_005,aspek_sains,pH Air Hujan,Berapa pH air hujan?,Air hujan secara alami sedikit bersifat asam dengan pH sekitar 5,6 akibat terlarutnya CO2 menjadi asam karbonat lemah (H2CO3). Dalam kondisi ini logam-logam seperti Fe Pb atau Zn dapat mengalami reaksi oksidasi dan pelarutan yang menghasilkan ion logam terlarut yang bersifat toksik.,"pH,air hujan,asam karbonat,H2CO3,CO2,asam",kimia_air_hujan,"science_001,science_006"
science_006,aspek_sains,Reaksi Oksidasi Logam,Bagaimana logam bereaksi dengan air hujan?,Logam seperti besi (Fe) dapat bereaksi dengan air hujan yang bersifat asam melalui reaksi Fe(s) + 2H+ → Fe2+ + H2(g). Reaksi oksidasi ini menyebabkan terbentuknya ion logam terlarut yang bersifat toksik dan dapat mencemari lingkungan.,"reaksi oksidasi,logam,Fe,ion logam,toksik",reaksi_kimia,"science_005,science_007"
science_007,aspek_sains,Mikroplastik,Apa itu mikroplastik?,Mikroplastik adalah fragmen plastik yang terbentuk akibat kombinasi paparan sinar UV abrasi mekanik dan aliran air. Meskipun plastik tidak larut mikroplastik bersifat persisten dan dapat masuk ke rantai makanan akuatik sehingga membahayakan ekosistem dan kesehatan manusia.,"mikroplastik,plastik,fragmentasi,UV,rantai makanan",pencemaran_plastik,"science_003,science_008"
science_008,aspek_sains,BOD dan COD,Apa itu BOD dan COD?,BOD (Biological Oxygen Demand) dan COD (Chemical Oxygen Demand) adalah parameter untuk mengukur kualitas air. Air dengan nilai BOD dan COD tinggi mengindikasikan banyaknya zat organik yang membutuhkan oksigen untuk terurai. Kondisi ini menyebabkan kadar oksigen terlarut menurun sehingga ikan dan biota air sulit bertahan hidup.,"BOD,COD,kualitas air,oksigen terlarut,biota air",parameter_air,"science_003,science_009"
science_009,aspek_sains,Eutrofikasi,Apa itu eutrofikasi?,Eutrofikasi adalah ledakan pertumbuhan alga yang terjadi akibat peningkatan konsentrasi nutrien (N dan P) di perairan. Air sungai yang tercemar mengalami perubahan pH peningkatan nutrien dan penurunan transparansi akibat suspensi partikel yang mengganggu ekosistem.,"eutrofikasi,alga,nutrien,nitrogen,fosfor,ekosistem",gangguan_ekosistem,"science_008,science_003"
science_010,aspek_sains,Air Lindi,Apa itu air lindi?,Air lindi (leachate) adalah cairan yang terbentuk dari dekomposisi sampah dan air hujan. Air ini meresap ke dalam tanah membawa senyawa organik kompleks logam berat dan mikroorganisme patogen yang menyebabkan perubahan struktur kimia tanah menurunkan kesuburan dan mencemari air tanah.,"air lindi,leachate,pencemaran tanah,air tanah,logam berat",pencemaran_tanah,"science_003,science_011"
science_011,aspek_sains,Emisi Metana TPA,Bagaimana TPA menghasilkan gas metana?,TPA terbuka (open dumping) dan sampah organik yang membusuk menjadi salah satu sumber signifikan metana secara global. Peningkatan emisi metana mempercepat proses pemanasan global yang berdampak langsung pada perubahan pola curah hujan dan distribusi air.,"TPA,metana,open dumping,emisi,pemanasan global",emisi_gas_rumah_kaca,"science_004,science_012"
science_012,aspek_sains,Perubahan Iklim,Bagaimana sampah mempengaruhi iklim?,Sampah berkontribusi signifikan terhadap perubahan iklim melalui emisi metana dari TPA. Peningkatan suhu global memperbesar laju evaporasi dan meningkatkan kandungan uap air di atmosfer. Saat terjadi kondensasi hujan yang turun cenderung memiliki intensitas tinggi dalam waktu singkat yang meningkatkan risiko banjir bandang.,"perubahan iklim,evaporasi,intensitas hujan,banjir bandang",dampak_iklim,"science_011,science_013"
science_013,aspek_sains,Infiltrasi Air,Apa pengaruh sampah terhadap infiltrasi air?,Permukaan tanah yang tertutup sampah atau beton menurunkan infiltrasi air ke dalam tanah. Hal ini meningkatkan run-off dan mempercepat aliran permukaan menuju sungai yang dapat memperparah banjir terutama di daerah dengan sistem drainase yang buruk.,"infiltrasi,run-off,aliran permukaan,drainase",hidrologi,"science_012,tech_001"
science_014,aspek_sains,Dekomposisi Anaerob,Bagaimana proses dekomposisi sampah organik?,Sampah organik mengalami dekomposisi dalam kondisi anaerob melalui aktivitas mikroorganisme anaerobik dengan reaksi C6H12O6 → 3CO2 + 3CH4. Proses ini menghasilkan gas metana yang memiliki potensi pemanasan global 25 kali lebih besar daripada CO2 dalam 100 tahun.,"dekomposisi,anaerob,mikroorganisme,reaksi kimia",proses_biologis,"science_004,science_011"
tech_001,aspek_teknologi,Biopori,Apa itu lubang biopori?,Lubang biopori merupakan inovasi teknologi ramah lingkungan berbentuk lubang silindris dengan diameter dan kedalaman tertentu yang berfungsi menjaga ketersediaan air tanah dengan memanfaatkan sampah organik. Lubang ini dirancang untuk meningkatkan daya serap tanah terhadap air hujan sekaligus mempercepat proses dekomposisi sampah organik menjadi kompos.,"biopori,lubang biopori,resapan air,kompos,drainase,teknologi ramah lingkungan",teknologi_mitigasi_banjir,"tech_002,science_001"
tech_002,aspek_teknologi,Fungsi Biopori,Apa fungsi lubang biopori?,Teknologi biopori diterapkan oleh masyarakat untuk meningkatkan daya resapan air ke dalam tanah dan mengurangi genangan air di lingkungan pemukiman. Lubang biopori juga berfungsi membantu proses dekomposisi sampah organik secara alami sehingga mengurangi timbunan sampah dan memperbaiki kualitas tanah.,"biopori,fungsi,resapan air,genangan,dekomposisi,sampah organik",fungsi_biopori,"tech_001,tech_003"
tech_003,aspek_teknologi,Penanaman Pohon,Apa manfaat penanaman pohon?,Kegiatan penghijauan dan penanaman pohon dilakukan dengan mempertimbangkan prinsip rekayasa konservasi tanah dan air. Penataan ini dilakukan di area berlereng dan dekat sungai untuk meningkatkan infiltrasi air hujan memperkuat struktur tanah dan mencegah erosi. Kegiatan ini berperan penting dalam meningkatkan infiltrasi air hujan memperkuat struktur tanah serta menurunkan risiko banjir dan erosi.,"penanaman pohon,penghijauan,kawasan resapan,infiltrasi,erosi,konservasi",teknologi_konservasi,"tech_001,tech_004"
tech_004,aspek_teknologi,Trash Boom,Apa itu trash boom?,Trash boom adalah hasil rekayasa struktur terapung yang dipasang di permukaan sungai untuk menahan sampah padat agar tidak terbawa arus ke hilir. Dalam kegiatan Mapag Hujan di Bandung masyarakat bersama komunitas lingkungan dan pemerintah daerah merancang serta memasang trash boom menggunakan bahan lokal seperti pipa PVC dan jaring plastik daur ulang. Teknologi ini terbukti efektif dalam menahan tumpukan sampah dan menjaga aliran air tetap lancar.,"trash boom,sampah sungai,jaring sampah,pipa PVC,struktur terapung",teknologi_pengelolaan_sampah,"tech_001,tech_005"
tech_005,aspek_teknologi,Kolam Retensi,Apa itu kolam retensi?,Kolam retensi adalah infrastruktur hijau berupa kolam penampungan air yang dibangun untuk menahan sementara air hujan yang berlebih sebelum dialirkan ke sistem drainase atau sungai. Kolam ini membantu mengurangi volume air yang langsung masuk ke sungai saat hujan deras sehingga mencegah banjir. Selama 2015-2024 telah dibangun 13 kolam retensi di Bandung.,"kolam retensi,kolam penampungan,infrastruktur hijau,tampung air,drainase",infrastruktur_banjir,"math_003,tech_001"
tech_006,aspek_teknologi,Ukuran Biopori,Berapa ukuran lubang biopori?,Lubang biopori dibuat dengan kedalaman sekitar 1 meter dan diameter antara 10-30 cm. Lubang harus dibuat tegak lurus agar efisiensinya maksimal dalam meningkatkan daya serap tanah terhadap air hujan.,"ukuran,dimensi,kedalaman,diameter,1 meter,10-30 cm",spesifikasi_biopori,"tech_001,tech_007"
tech_007,aspek_teknologi,Cara Membuat Biopori,Bagaimana cara membuat lubang biopori?,Cara membuat biopori: 1) Siapkan tanah di lokasi yang mudah menyerap air 2) Buat lubang menggunakan bor tanah dengan kedalaman 1 meter dan diameter 10-30 cm secara tegak lurus 3) Masukkan pipa PVC ke dalam lubang untuk mencegah tanah longsor 4) Isi lubang dengan sampah organik seperti daun kering atau sisa sayuran.,"cara membuat,langkah,prosedur,bor tanah,pipa PVC",panduan_biopori,"tech_006,tech_002"
tech_008,aspek_teknologi,Bahan Biopori,Apa bahan yang dibutuhkan untuk membuat biopori?,Bahan yang dibutuhkan untuk membuat biopori antara lain bor tanah untuk membuat lubang pipa PVC untuk mencegah longsor dan sampah organik seperti daun kering atau sisa sayuran untuk mengisi lubang. Semua bahan ini mudah ditemukan di sekitar kita.,"bahan,material,bor tanah,pipa PVC,sampah organik",bahan_biopori,"tech_007,tech_001"
tech_009,aspek_teknologi,Sistem Drainase Alami,Apa itu sistem drainase alami?,Sistem drainase alami adalah sistem yang memanfaatkan kemampuan alami tanah untuk menyerap air hujan. Biopori merupakan salah satu bentuk sistem drainase alami yang membantu air hujan meresap ke tanah dan mencegah banjir sekaligus mengubah sampah organik menjadi kompos yang bermanfaat.,"drainase alami,sistem alami,resapan alami",sistem_drainase,"tech_001,tech_002"
tech_010,aspek_teknologi,Teknologi Sederhana,Mengapa biopori disebut teknologi sederhana?,Biopori disebut teknologi sederhana karena menggunakan bahan yang mudah ditemukan seperti pipa PVC dan sampah organik serta cara pembuatannya tidak memerlukan keahlian khusus. Meskipun sederhana biopori sangat efektif untuk mitigasi banjir dan meningkatkan kualitas tanah.,"teknologi sederhana,mudah,efektif,terjangkau",aksesibilitas_teknologi,"tech_001,tech_007"
eng_001,aspek_engineering,Rekayasa Biopori,Apa aspek engineering dalam biopori?,Aspek engineering dalam biopori menekankan pada penerapan prinsip rekayasa dalam membuat solusi praktis berbasis teknologi sederhana. Melalui kegiatan Mapag Hujan masyarakat diminta merancang dan memodifikasi biopori sebagai rekayasa sistem drainase alami menggunakan bahan yang mudah ditemukan di sekitar seperti ember bekas botol plastik atau kaleng.,"engineering,rekayasa,modifikasi,inovasi",rekayasa_sistem,"tech_001,eng_002"
eng_002,aspek_engineering,Modifikasi Biopori,Bagaimana memodifikasi biopori?,Biopori dapat dimodifikasi menggunakan bahan alternatif seperti ember bekas botol plastik besar atau kaleng yang diberi lubang-lubang kecil. Prinsipnya tetap sama yaitu membuat ruang untuk air meresap dan sampah organik terurai. Modifikasi ini memungkinkan biopori diterapkan di berbagai kondisi lahan.,"modifikasi,alternatif,ember bekas,botol plastik,inovasi",inovasi_biopori,"eng_001,tech_001"
eng_003,aspek_engineering,Penempatan Biopori,Di mana sebaiknya menempatkan biopori?,Biopori sebaiknya ditempatkan di area yang sering tergenang air di sekitar pohon di taman atau halaman rumah dan di sepanjang jalan setapak. Penempatan strategis akan memaksimalkan fungsi biopori dalam menyerap air hujan dan mengurangi genangan.,"penempatan,lokasi,strategis,area genangan",strategi_penempatan,"eng_001,tech_002"
eng_004,aspek_engineering,Biopori Portabel,Apa itu biopori portabel?,Biopori portabel adalah modifikasi biopori yang dapat dipindahkan menggunakan wadah seperti ember atau drum bekas. Biopori portabel cocok untuk area yang tidak memungkinkan pembuatan lubang permanen seperti di area beraspal atau lantai beton namun tetap membutuhkan sistem resapan air.,"portabel,mobile,ember,drum,fleksibel",variasi_biopori,"eng_002,eng_001"
eng_005,aspek_engineering,Desain Biopori,Bagaimana mendesain biopori yang efektif?,Desain biopori yang efektif mempertimbangkan ukuran lubang yang sesuai dengan kondisi tanah penempatan yang strategis di area yang sering tergenang penggunaan bahan penguat seperti pipa PVC untuk mencegah longsor dan pemilihan sampah organik yang tepat untuk mengisi lubang.,"desain,efektif,perencanaan,optimasi",prinsip_desain,"eng_001,tech_006"
art_001,aspek_seni,Pertunjukan Seni,Apa saja unsur seni dalam Mapag Hujan?,Mapag Hujan hadir dalam berbagai ekspresi budaya masyarakat. Kegiatan ini sering disertai dengan pembuatan poster maupun spanduk bertema lingkungan yang menekankan pentingnya menjaga kebersihan sungai. Selain itu terdapat pula pertunjukan seni tradisional dan modern seperti musik tari dan drama yang dikemas dengan pesan moral tentang kelestarian lingkungan.,"seni tradisional,seni modern,musik,tari,drama,poster,spanduk,pertunjukan",seni_budaya,"intro_001,intro_005"
art_002,aspek_seni,Poster Lingkungan,Bagaimana membuat poster bertema Mapag Hujan?,Poster bertema Mapag Hujan dapat dibuat dengan menampilkan pesan moral tentang pentingnya menjaga kebersihan sungai pelestarian lingkungan dan pengelolaan sampah. Gunakan gambar visual yang menarik seperti sungai bersih biopori atau kegiatan gotong royong dengan warna-warna yang mencerminkan alam dan kesegaran.,"poster,desain,visual,pesan lingkungan,kreativitas",karya_visual,"art_001,art_003"
art_003,aspek_seni,Seni Tradisional,Apa seni tradisional dalam Mapag Hujan?,Seni tradisional dalam Mapag Hujan di Subang mencakup pertunjukan musik tradisional Sunda tarian daerah dan drama yang mengangkat cerita tentang hubungan manusia dengan alam. Pertunjukan ini dikemas dengan pesan moral tentang rasa syukur dan kepedulian terhadap lingkungan.,"seni tradisional,musik sunda,tarian,drama,budaya lokal",ekspresi_budaya,"art_001,intro_005"
art_004,aspek_seni,Puisi Lingkungan,Bagaimana membuat puisi bertema kimia hijau?,Puisi bertema kimia hijau dapat dibuat dengan mengangkat tema pelestarian lingkungan pengelolaan sampah yang bijak keseimbangan alam dan harapan untuk bumi yang lebih bersih. Gunakan bahasa yang indah dan metafora yang menyentuh untuk menyampaikan pesan tentang pentingnya menjaga lingkungan.,"puisi,sastra,kreativitas,tema lingkungan",karya_sastra,"art_002,green_001"
art_005,aspek_seni,Gambar Ilustrasi,Apa yang bisa digambar tentang Mapag Hujan?,Gambar ilustrasi tentang Mapag Hujan dapat menampilkan kegiatan masyarakat membersihkan sungai pembuatan lubang biopori penanaman pohon atau pertunjukan seni tradisional. Gambar juga bisa menampilkan perbandingan sebelum dan sesudah kegiatan Mapag Hujan untuk menunjukkan dampak positifnya.,"gambar,ilustrasi,visual,storytelling",media_visual,"art_002,art_001"
math_001,aspek_matematika,Volume Genangan,Berapa penurunan volume genangan di Bandung?,Volume genangan banjir Kota Bandung mengalami penurunan signifikan dari lebih dari 99.000 m³ pada tahun 2015 menjadi 36.000 m³ pada tahun 2023. Persentase penurunan volume genangan = ((99.000 - 36.000) / 99.000) x 100% = 63,6%. Terjadi penurunan volume genangan air sebesar 63,6% dalam kurun waktu delapan tahun menunjukkan adanya dampak nyata dari program pengendalian banjir dan pembangunan infrastruktur hijau.,"volume genangan,penurunan volume,99000,36000,63.6%,analisis kuantitatif",analisis_kuantitatif,"math_002,tech_005"
math_002,aspek_matematika,Titik Banjir,Berapa penurunan titik banjir di Bandung?,Jumlah titik banjir menurun dari 21 titik pada tahun 2020 menjadi 7 titik pada tahun 2023. Penurunan jumlah titik banjir = ((21 - 7) / 21) x 100% = 66,7%. Terdapat penurunan titik banjir sebesar 66,7% dalam tiga tahun terakhir. Data ini menunjukkan efektivitas kolaborasi antara pemerintah dan masyarakat dalam menjaga kebersihan lingkungan serta meningkatkan kesadaran akan pentingnya sistem resapan air.,"titik banjir,penurunan titik banjir,21 titik,7 titik,66.7%",analisis_efektivitas,"math_001,math_003"
math_003,aspek_matematika,Rata-rata Kolam Retensi,Berapa rata-rata pembangunan kolam retensi per tahun?,Selama 2015-2024 (10 tahun) dibangun 13 kolam retensi. Rata-rata per tahun = 13 / 10 = 1,3 kolam/tahun. Setiap tahun rata-rata dibangun 1-2 kolam retensi untuk membantu menampung air hujan dan mencegah banjir.,"kolam retensi,rata-rata pembangunan,13 kolam,1.3 kolam per tahun",analisis_infrastruktur,"tech_005,math_001"
math_004,aspek_matematika,Perhitungan Persentase,Bagaimana menghitung persentase penurunan?,Persentase penurunan dihitung dengan rumus ((Nilai Awal - Nilai Akhir) / Nilai Awal) x 100%. Contoh untuk volume genangan: ((99.000 - 36.000) / 99.000) x 100% = 63,6%. Rumus ini berguna untuk menganalisis efektivitas program lingkungan.,"persentase,rumus,perhitungan,analisis",metode_perhitungan,"math_001,math_002"
math_005,aspek_matematika,Interpretasi Data,Apa makna penurunan volume genangan?,Penurunan volume genangan sebesar 63,6% menunjukkan kesadaran masyarakat dalam menjaga lingkungan semakin meningkat. Ini membuktikan bahwa kolaborasi antara pemerintah dan masyarakat melalui program seperti Mapag Hujan memberikan dampak nyata dalam mitigasi banjir dan pengelolaan lingkungan berkelanjutan.,"interpretasi,makna,kesadaran masyarakat,dampak",analisis_dampak,"math_001,value_001"
math_006,aspek_matematika,Tren Penurunan,Bagaimana tren penurunan banjir di Bandung?,Tren penurunan banjir di Bandung menunjukkan pola positif dengan penurunan volume genangan 63,6% dalam 8 tahun dan penurunan titik banjir 66,7% dalam 3 tahun. Tren ini mengindikasikan program pengendalian banjir berjalan efektif dan konsisten.,"tren,pola,konsistensi,efektivitas program",analisis_tren,"math_001,math_002"
math_007,aspek_matematika,Proyeksi Masa Depan,Bisakah banjir di Bandung dihilangkan?,Berdasarkan tren penurunan yang konsisten jika program mitigasi banjir terus dilanjutkan dengan partisipasi aktif masyarakat maka volume genangan dan titik banjir diharapkan dapat terus berkurang. Namun perlu upaya berkelanjutan karena faktor cuaca dan perubahan iklim juga berpengaruh.,"proyeksi,masa depan,keberlanjutan,harapan",prediksi_dampak,"math_006,value_003"
character_001,karakter,Identitas Robot,Siapa Aquano?,Halo! Aku Aquano robot virtual yang akan membantu menemanimu menjelajahi lebih dalam tentang tradisi Mapag Hujan. Kali ini aku mengenakan baju adat Sunda yaitu Pangsi dan Iket Sunda. Pangsi melambangkan kesederhanaan kerja keras dan jati diri orang Sunda. Warna hitamnya mencerminkan keteguhan serta kerendahan hati. Iket Sunda (ikat kepala) melambangkan kebijaksanaan kehormatan dan tanggung jawab dalam berpikir serta bertindak sebagai manusia yang berbudaya.,"aquano,robot virtual,pangsi,iket sunda,pakaian adat sunda",identitas_karakter,intro_001
character_002,karakter,Pangsi,Apa arti Pangsi?,Pangsi melambangkan kesederhanaan kerja keras dan jati diri orang Sunda. Warna hitamnya mencerminkan keteguhan serta kerendahan hati. Ini adalah pakaian tradisional yang dikenakan Aquano sebagai simbol nilai-nilai budaya Sunda.,"pangsi,pakaian adat,sunda,kesederhanaan,kerja keras",filosofi_pakaian,character_001
character_003,karakter,Iket Sunda,Apa arti Iket Sunda?,Iket Sunda (ikat kepala) melambangkan kebijaksanaan kehormatan dan tanggung jawab dalam berpikir serta bertindak sebagai manusia yang berbudaya. Ini adalah bagian penting dari pakaian adat Sunda yang dikenakan Aquano.,"iket sunda,ikat kepala,kebijaksanaan,kehormatan,tanggung jawab",filosofi_pakaian,character_001
character_004,karakter,Peran Aquano,Apa peran Aquano?,Aquano berperan sebagai pemandu virtual yang akan menemani siswa menjelajahi tradisi Mapag Hujan dari berbagai aspek mulai dari kimia hijau sains teknologi engineering seni hingga matematika. Aquano membantu menjelaskan konsep dengan cara yang mudah dipahami dan interaktif.,"peran,pemandu,guide,virtual assistant",fungsi_karakter,"character_001,greeting_001"
value_001,nilai_tradisi,Literasi Lingkungan,Apa nilai yang terkandung dalam Mapag Hujan?,Nilai-nilai yang terkandung dalam tradisi Mapag Hujan sejalan dengan literasi lingkungan yang menekankan pentingnya kesadaran pemahaman dan tindakan nyata dalam menjaga kelestarian alam dan keberlanjutan ekosistem. Tradisi ini mengajarkan kolaborasi antara spiritual sosial dan ilmiah dalam menjaga keharmonisan dengan alam.,"literasi lingkungan,kesadaran,kelestarian,keberlanjutan,ekosistem,nilai tradisi",nilai_filosofis,"intro_001,intro_003"
value_002,nilai_tradisi,Gotong Royong,Apa peran gotong royong dalam Mapag Hujan?,Gotong royong menjadi inti dari tradisi Mapag Hujan dimana masyarakat bersama-sama membersihkan sungai saluran air dan lingkungan sekitar. Kegiatan ini didukung berbagai pihak seperti pemerintah komunitas akademisi dan masyarakat yang bekerja sama untuk mitigasi banjir dan pelestarian lingkungan.,"gotong royong,kerja sama,kolaborasi,masyarakat,komunitas",nilai_sosial,"intro_001,intro_002"
value_003,nilai_tradisi,Spiritual dan Ilmiah,Bagaimana Mapag Hujan menggabungkan spiritual dan ilmiah?,Tradisi Mapag Hujan memadukan nilai spiritual melalui kegiatan doa dan pertunjukan seni dengan pendekatan ilmiah melalui penerapan teknologi seperti biopori trash boom dan kolam retensi. Ini menunjukkan keseimbangan antara kearifan lokal dan pengetahuan modern dalam menjaga lingkungan.,"spiritual,ilmiah,teknologi,kearifan lokal,pengetahuan modern",integrasi_nilai,"intro_001,tech_001"
value_004,nilai_tradisi,Rasa Syukur,Bagaimana Mapag Hujan mengajarkan rasa syukur?,Mapag Hujan mengajarkan rasa syukur kepada alam melalui kegiatan penanaman pohon penghijauan dan pertunjukan seni sebagai wujud apresiasi terhadap berkah air dan kesuburan tanah. Rasa syukur ini diwujudkan dalam tindakan nyata menjaga dan melestarikan lingkungan.,"rasa syukur,apresiasi,berkah alam,tindakan nyata",nilai_spiritual,"intro_005,value_001"
value_005,nilai_tradisi,Keberlanjutan,Mengapa Mapag Hujan harus dilestarikan?,Mapag Hujan harus dilestarikan karena mengajarkan nilai keberlanjutan yang penting untuk masa depan. Tradisi ini membantu mengurangi masalah lingkungan seperti banjir dan pencemaran sekaligus memperkuat kesadaran masyarakat tentang pentingnya menjaga alam untuk generasi mendatang.,"keberlanjutan,pelestarian,masa depan,generasi mendatang",nilai_keberlanjutan,"value_001,value_003"
value_006,nilai_tradisi,Kolaborasi Multi-pihak,Siapa saja yang berkolaborasi dalam Mapag Hujan?,Mapag Hujan melibatkan kolaborasi multi-pihak antara pemerintah daerah komunitas lingkungan akademisi dan masyarakat lokal. Setiap pihak memiliki peran penting: pemerintah menyediakan infrastruktur akademisi memberikan pengetahuan ilmiah komunitas menggerakkan aksi dan masyarakat sebagai pelaku utama.,"kolaborasi,multi-pihak,stakeholder,partnership",kerjasama_lintas_sektor,"value_002,context_002"
greeting_001,interaksi,Sapaan,Hai Aquano!,Hai! Aku Aquano robot virtual berbaju adat Sunda yang siap menemanimu belajar tentang tradisi Mapag Hujan! Sudah siap untuk eksplorasi hari ini? Yuk pilih topik yang ingin kamu bahas!,"hai,halo,hei,sapaan,greeting",interaksi_awal,character_001
greeting_002,interaksi,Kesiapan,Siap!,Wah semangat sekali! Yuk pilih kamu mau bahas apa dulu soal tradisi Mapag Hujan ini? Ada aspek sains teknologi seni matematika atau pengenalan tradisinya dulu?,"siap,ya,oke,mulai,lanjut",konfirmasi_siap,intro_001
greeting_003,interaksi,Perkenalan Kimia Hijau,Ceritakan tentang kimia hijau!,Sebelum bahas tradisi Mapag Hujan Aquano akan membahas terlebih dahulu mengenai kimia hijau atau green chemistry. Kimia hijau adalah pendekatan yang bertujuan menjaga lingkungan supaya tetap bersih dan aman dengan membuat semua proses dan produk kimia agar tidak menimbulkan limbah atau zat berbahaya. Ada 12 prinsip kimia hijau yang penting untuk dipelajari!,"kimia hijau,pengenalan,pengantar",intro_kimia_hijau,"green_001,green_003"
greeting_004,interaksi,Pemahaman,Sudah paham,Luar biasa! Sekarang mari ikuti Aquano untuk menjelajahi Tradisi Mapag Hujan dan menemukan bagaimana tradisi ini berhubungan dengan lingkungan serta prinsip kimia hijau. Siap untuk memulai kegiatan pertama?,"sudah,paham,mengerti,lanjut",transisi_materi,"greeting_002,flow_001"
greeting_005,interaksi,Belum Paham,Belum paham,Tidak apa-apa! Aquano senang menjelaskan lagi. Bagian mana yang ingin kamu tanyakan lebih lanjut? Kamu bisa bertanya tentang konsep kimia hijau prinsipnya atau contoh penerapannya. Silakan diskusikan di forum diskusi ya!,"belum paham,bingung,minta penjelasan",klarifikasi,"greeting_003,flow_002"
flow_001,alur_pembelajaran,Kegiatan 1 Masalah,Apa masalah yang dibahas di Kegiatan 1?,Kegiatan 1 membahas masalah lingkungan yaitu musim hujan yang sering menimbulkan banjir di berbagai wilayah. Salah satu penyebab utama adalah menumpuknya sampah di sungai selokan dan gorong-gorong sehingga aliran air menjadi tersumbat. Kesadaran warga sangat penting karena meski pemerintah membersihkan masalah banjir akan terus terjadi jika sampah tetap dibuang sembarangan.,"kegiatan 1,masalah,banjir,sampah,penyebab",tahap_identifikasi_masalah,"science_001,flow_002"
flow_002,alur_pembelajaran,Kegiatan 2 Solusi Tradisi,Apa yang dibahas di Kegiatan 2?,Kegiatan 2 membahas Tradisi Mapag Hujan sebagai solusi terhadap masalah lingkungan. Di Bandung difokuskan pada mitigasi banjir dengan meningkatkan daya resapan air dan mengelola sampah melalui gerakan Maraton Bebersih Walungan dan Susukan. Di Subang dilaksanakan dengan pertunjukan seni tradisional gotong royong dan penanaman pohon.,"kegiatan 2,tradisi,solusi,mapag hujan",tahap_solusi_tradisional,"intro_001,flow_003"
flow_003,alur_pembelajaran,Kegiatan 3 Sains,Apa yang dipelajari di Kegiatan 3?,Kegiatan 3 membahas aspek sains dari Mapag Hujan yaitu bagaimana keberadaan sampah di alam dan air hujan saling memengaruhi. Dipelajari tentang interaksi air hujan dengan lingkungan reaksi kimia yang terjadi dampak sampah terhadap kualitas air dan tanah serta pengaruhnya terhadap ekosistem.,"kegiatan 3,sains,aspek science,kimia lingkungan",tahap_sains,"science_001,flow_004"
flow_004,alur_pembelajaran,Kegiatan 4 Teknologi,Apa yang dipelajari di Kegiatan 4?,Kegiatan 4 membahas aspek teknologi yaitu penerapan teknologi untuk memecahkan masalah lingkungan. Fokus utamanya adalah pembuatan lubang resapan biopori sebagai teknologi ramah lingkungan untuk meningkatkan daya serap tanah mengurangi genangan dan mempercepat dekomposisi sampah organik menjadi kompos.,"kegiatan 4,teknologi,biopori,solusi teknologi",tahap_teknologi,"tech_001,flow_005"
flow_005,alur_pembelajaran,Kegiatan 5 Engineering,Apa yang dipelajari di Kegiatan 5?,Kegiatan 5 membahas aspek engineering yaitu cara merancang dan memodifikasi biopori menggunakan bahan yang ada di sekitar seperti ember bekas botol plastik atau kaleng. Siswa diminta membuat rancangan biopori versi sendiri dengan mempertimbangkan bahan ukuran dan penempatan yang tepat.,"kegiatan 5,engineering,rekayasa,rancangan biopori",tahap_engineering,"eng_001,flow_006"
flow_006,alur_pembelajaran,Kegiatan 6 Seni,Apa yang dipelajari di Kegiatan 6?,Kegiatan 6 membahas aspek seni dalam Mapag Hujan. Siswa diminta menciptakan karya seni seperti gambar poster atau puisi yang bertema menjaga lingkungan berdasarkan prinsip kimia hijau. Karya seni ini mengekspresikan pesan moral tentang pentingnya kelestarian lingkungan.,"kegiatan 6,seni,art,karya seni,kreativitas",tahap_seni,"art_001,flow_007"
flow_007,alur_pembelajaran,Kegiatan 7 Matematika,Apa yang dipelajari di Kegiatan 7?,Kegiatan 7 membahas aspek matematika untuk menganalisis efektivitas program Mapag Hujan melalui data kuantitatif. Dipelajari perhitungan persentase penurunan volume genangan dan titik banjir di Bandung serta interpretasi makna data tersebut terhadap kesadaran masyarakat dalam menjaga lingkungan.,"kegiatan 7,matematika,analisis data,efektivitas",tahap_matematika,"math_001,flow_008"
flow_008,alur_pembelajaran,Refleksi Akhir,Apa pertanyaan refleksi di akhir pembelajaran?,Pertanyaan refleksi akhir meminta siswa memaknai data penurunan banjir terhadap kesadaran masyarakat dan menilai apakah Tradisi Mapag Hujan dapat terus dilestarikan untuk membantu mengurangi masalah lingkungan di masa depan. Siswa diminta menjelaskan pendapat dengan alasan yang diyakini.,"refleksi,evaluasi,pendapat,kesimpulan",tahap_refleksi,"math_005,value_005"
context_001,konteks,Musim Hujan,Kapan Mapag Hujan dilaksanakan?,Mapag Hujan dilaksanakan menjelang atau saat musim hujan tiba biasanya sekitar bulan Oktober hingga November. Ini adalah periode persiapan masyarakat menyambut musim penghujan dengan berbagai kegiatan pembersihan dan mitigasi banjir.,"waktu pelaksanaan,musim hujan,oktober,november,kapan",waktu_tradisi,intro_001
context_002,konteks,Partisipan,Siapa saja yang terlibat dalam Mapag Hujan?,Mapag Hujan melibatkan berbagai pihak termasuk masyarakat lokal pemerintah daerah komunitas lingkungan akademisi dan berbagai organisasi. Semua pihak bekerja sama dalam kegiatan pembersihan penanaman pohon dan pembangunan infrastruktur mitigasi banjir.,"partisipan,peserta,masyarakat,pemerintah,komunitas",pelaku_tradisi,"intro_001,value_002"
context_003,konteks,Lokasi Pelaksanaan,Di mana Mapag Hujan dilaksanakan?,Mapag Hujan dilaksanakan di wilayah Jawa Barat khususnya di Kota Bandung dan Kabupaten Subang. Di Bandung fokus pada mitigasi banjir di sungai dan saluran air sementara di Subang lebih menekankan aspek budaya dan spiritual dengan pertunjukan seni tradisional.,"lokasi,tempat,bandung,subang,jawa barat",lokasi_pelaksanaan,"intro_004,intro_005"
context_004,konteks,Durasi Kegiatan,Berapa lama kegiatan Mapag Hujan?,Kegiatan Mapag Hujan berlangsung selama periode menjelang musim hujan biasanya beberapa hari hingga seminggu dengan berbagai rangkaian acara seperti pembersihan sungai penanaman pohon pertunjukan seni dan pembangunan infrastruktur seperti biopori. Namun nilai dan praktiknya diharapkan dilakukan sepanjang tahun.,"durasi,lama kegiatan,periode,waktu",durasi_pelaksanaan,"context_001,intro_001"
faq_001,faq,Manfaat Tradisi,Apa manfaat Mapag Hujan bagi masyarakat?,Mapag Hujan memberikan banyak manfaat termasuk mengurangi risiko banjir meningkatkan kualitas lingkungan melestarikan nilai budaya memperkuat solidaritas masyarakat dan meningkatkan kesadaran lingkungan. Data menunjukkan penurunan volume genangan sebesar 63,6% dan titik banjir sebesar 66,7% sejak program ini dijalankan.,"manfaat,keuntungan,dampak positif,hasil",manfaat_tradisi,"math_001,math_002,value_001"
faq_002,faq,Cara Berpartisipasi,Bagaimana cara ikut Mapag Hujan?,Masyarakat dapat berpartisipasi dalam Mapag Hujan dengan mengikuti kegiatan gotong royong membersihkan sungai dan saluran air membuat lubang biopori di rumah menanam pohon mengurangi sampah plastik dan mengikuti pertunjukan seni yang diselenggarakan. Biasanya pemerintah daerah mengumumkan jadwal kegiatan di setiap wilayah.,"partisipasi,cara ikut,bergabung,kontribusi",cara_berpartisipasi,"intro_002,value_002"
faq_003,faq,Perbedaan Wilayah,Apa perbedaan Mapag Hujan di Bandung dan Subang?,Di Bandung Mapag Hujan lebih fokus pada mitigasi banjir melalui teknologi seperti biopori trash boom dan kolam retensi dengan gerakan Maraton Bebersih Walungan dan Susukan. Di Subang tradisi Ruwat Jagat Mapag Hujan lebih menekankan pada pertunjukan seni tradisional dan penanaman pohon sebagai wujud syukur kepada alam.,"perbedaan,bandung vs subang,wilayah,karakteristik",perbandingan_wilayah,"intro_004,intro_005"
faq_004,faq,Hubungan Kimia Hijau,Bagaimana hubungan Mapag Hujan dengan kimia hijau?,Mapag Hujan menerapkan prinsip kimia hijau melalui pengelolaan sampah organik yang diubah menjadi kompos di biopori pengurangan limbah berbahaya ke sungai penggunaan bahan lokal untuk teknologi seperti trash boom dan pendekatan berkelanjutan dalam menjaga lingkungan tanpa mencemari alam.,"hubungan,kimia hijau,prinsip,penerapan",integrasi_konsep,"green_001,tech_001,value_003"
faq_005,faq,Biaya Pembuatan Biopori,Berapa biaya membuat biopori?,Biaya membuat biopori sangat terjangkau karena menggunakan bahan sederhana seperti pipa PVC (sekitar Rp 20.000-50.000 per meter) dan bor tanah yang bisa dipinjam atau dibeli sekitar Rp 100.000-300.000. Bahan isian berupa sampah organik gratis dari lingkungan sekitar. Total biaya per lubang sekitar Rp 30.000-100.000 saja.,"biaya,harga,terjangkau,ekonomis",aspek_ekonomi,"tech_001,tech_007"
faq_006,faq,Perawatan Biopori,Bagaimana merawat lubang biopori?,Perawatan biopori sangat mudah: 1) Tambahkan sampah organik secara berkala saat volume berkurang karena sudah terurai 2) Bersihkan permukaan lubang dari sampah anorganik 3) Periksa kondisi pipa PVC agar tidak pecah 4) Pastikan lubang tidak tersumbat dan air bisa meresap dengan baik. Perawatan cukup dilakukan 1-2 bulan sekali.,"perawatan,maintenance,pemeliharaan,tips",panduan_perawatan,"tech_001,tech_002"
faq_007,faq,Efektivitas Biopori,Seberapa efektif biopori mengurangi banjir?,Efektivitas biopori sangat tinggi jika diterapkan secara massal. Satu lubang biopori dapat menyerap hingga 3-6 liter air per detik tergantung jenis tanah. Jika di satu area terdapat banyak biopori maka kemampuan resapan air meningkat signifikan sehingga mengurangi genangan dan risiko banjir secara nyata.,"efektivitas,dampak,hasil,3-6 liter",evaluasi_dampak,"tech_002,math_005"
faq_008,faq,Jenis Sampah untuk Biopori,Sampah apa yang boleh dimasukkan ke biopori?,Sampah yang boleh dimasukkan ke biopori adalah sampah organik seperti daun kering sisa sayuran dan buah kulit telur serbuk kayu dan sampah dapur yang mudah terurai. Hindari sampah anorganik seperti plastik kaca logam atau bahan kimia berbahaya karena tidak bisa terurai dan dapat mencemari tanah.,"jenis sampah,sampah organik,sampah anorganik,larangan",panduan_penggunaan,"tech_001,tech_008"
discuss_001,diskusi,Masalah Musim Hujan,Masalah apa yang ditimbulkan musim hujan?,Masalah yang ditimbulkan musim hujan adalah banjir yang disebabkan oleh menumpuknya sampah di sungai selokan dan gorong-gorong sehingga aliran air tersumbat. Selain itu sampah dapat melarutkan senyawa kimia berbahaya yang mencemari lingkungan dan membahayakan kesehatan masyarakat.,"pertanyaan diskusi,masalah,identifikasi",diskusi_masalah,"flow_001,science_001"
discuss_002,diskusi,Hubungan Tradisi dan Masalah,Apa hubungan Mapag Hujan dengan masalah lingkungan?,Tradisi Mapag Hujan menjadi solusi untuk masalah lingkungan khususnya banjir dengan menggerakkan masyarakat secara gotong royong membersihkan sungai dan saluran air sebelum musim hujan. Tradisi ini meningkatkan kesadaran masyarakat tentang pentingnya menjaga kebersihan lingkungan dan mengelola sampah dengan baik.,"pertanyaan diskusi,hubungan,solusi",diskusi_solusi,"flow_002,value_001"
discuss_003,diskusi,Biopori dan Kimia Hijau,Apa hubungan biopori dengan prinsip kimia hijau?,Biopori sejalan dengan prinsip kimia hijau karena: 1) Mencegah pencemaran dengan mengubah sampah organik menjadi kompos alami 2) Menggunakan bahan aman dan ramah lingkungan 3) Efisien dalam mengelola sumber daya air dan sampah 4) Berkelanjutan dan dapat diterapkan jangka panjang tanpa merusak lingkungan.,"pertanyaan diskusi,hubungan konsep,prinsip",diskusi_prinsip,"tech_001,green_001,flow_004"
discuss_004,diskusi,Solusi Alternatif,Apa solusi lain berdasarkan kimia hijau untuk mengelola sampah?,Solusi lain berbasis kimia hijau: 1) Komposting rumah tangga untuk mengubah sampah organik menjadi pupuk 2) Pengomposan dengan metode takakura atau keranjang berlubang 3) Biogas dari sampah organik untuk energi 4) Bank sampah untuk mendaur ulang sampah anorganik 5) Ecobrick dari botol plastik dan sampah plastik 6) Mengurangi penggunaan plastik sekali pakai.,"pertanyaan diskusi,solusi alternatif,inovasi",diskusi_inovasi,"green_001,tech_001,flow_004"
discuss_005,diskusi,Makna Data Penurunan,Apa makna penurunan banjir terhadap kesadaran masyarakat?,Penurunan volume genangan 63,6% dan titik banjir 66,7% menunjukkan bahwa kesadaran dan partisipasi aktif masyarakat dalam menjaga kebersihan lingkungan sangat berpengaruh. Ini membuktikan bahwa perubahan perilaku kolektif melalui tradisi seperti Mapag Hujan dapat memberikan dampak nyata dalam mengatasi masalah lingkungan.,"pertanyaan diskusi,interpretasi,makna data",diskusi_interpretasi,"math_005,flow_007"
discuss_006,diskusi,Pelestarian Tradisi,Bisakah Mapag Hujan dilestarikan untuk masa depan?,Ya Mapag Hujan sangat penting dilestarikan karena: 1) Terbukti efektif mengurangi banjir berdasarkan data 2) Meningkatkan kesadaran lingkungan sejak dini 3) Memperkuat gotong royong dan solidaritas masyarakat 4) Memadukan kearifan lokal dengan pengetahuan modern 5) Mengajarkan nilai keberlanjutan untuk generasi mendatang. Tradisi ini harus terus didukung dan dikembangkan.,"pertanyaan diskusi,pelestarian,masa depan",diskusi_keberlanjutan,"value_005,flow_008"
problem_001,studi_kasus,Sungai Penuh Sampah,Apa yang terjadi jika sungai penuh sampah saat hujan?,Jika sungai penuh sampah saat hujan maka aliran air akan tersumbat menyebabkan permukaan air naik dan meluap ke pemukiman. Air hujan akan melarutkan senyawa kimia berbahaya dari sampah seperti logam berat dan mikroplastik yang kemudian mencemari tanah dan air tanah. Risiko banjir dan penyakit akan meningkat drastis.,"studi kasus,dampak,skenario",kasus_pencemaran,"science_001,science_002"
problem_002,studi_kasus,Tanpa Biopori,Apa yang terjadi jika tidak ada biopori?,Tanpa biopori air hujan tidak dapat meresap dengan baik ke dalam tanah sehingga terjadi genangan di permukiman. Run-off atau aliran permukaan akan meningkat membebani sistem drainase dan sungai sehingga risiko banjir meningkat. Selain itu sampah organik tidak terkelola dengan baik dan menumpuk menyebabkan pencemaran lingkungan.,"studi kasus,skenario,dampak",kasus_tanpa_solusi,"tech_002,science_013"
problem_003,studi_kasus,Implementasi Sukses,Bagaimana contoh implementasi biopori yang sukses?,Di beberapa perumahan di Bandung warga membuat biopori secara massal dengan jarak 1-3 meter. Hasilnya genangan air di area tersebut berkurang drastis dari yang sebelumnya tergenang 30-50 cm menjadi tidak tergenang sama sekali. Sampah organik juga berkurang dan kompos yang dihasilkan digunakan untuk kebun warga.,"studi kasus,sukses,best practice,hasil nyata",kasus_sukses,"tech_002,faq_007"
problem_004,studi_kasus,Kolaborasi Komunitas,Bagaimana komunitas berperan dalam Mapag Hujan?,Komunitas lingkungan seperti Ciliwung Institute dan komunitas peduli sungai aktif menggerakkan masyarakat untuk membersihkan sungai membuat biopori dan trash boom. Mereka memberikan pelatihan edukasi dan pendampingan sehingga masyarakat memiliki kapasitas untuk mengelola lingkungan sendiri secara berkelanjutan.,"studi kasus,komunitas,peran,kolaborasi",kasus_komunitas,"value_002,context_002"
problem_005,studi_kasus,Sekolah Hijau,Bagaimana sekolah menerapkan prinsip Mapag Hujan?,Beberapa sekolah di Bandung menerapkan program sekolah hijau dengan membuat biopori di halaman sekolah membentuk bank sampah dan mengintegrasikan edukasi lingkungan dalam pembelajaran. Siswa belajar langsung membuat biopori mengelola sampah organik dan memahami pentingnya menjaga lingkungan melalui praktik nyata.,"studi kasus,sekolah,pendidikan,implementasi",kasus_pendidikan,"eng_001,value_001"
reflection_001,refleksi,Pembelajaran Pribadi,Apa yang bisa saya lakukan untuk lingkungan?,Kamu bisa berkontribusi dengan: 1) Membuat biopori di rumah 2) Memilah sampah organik dan anorganik 3) Mengurangi penggunaan plastik sekali pakai 4) Ikut gotong royong membersihkan lingkungan 5) Menanam pohon 6) Mengedukasi keluarga dan teman tentang pentingnya menjaga lingkungan. Setiap tindakan kecil sangat berarti!,"refleksi,aksi pribadi,kontribusi,tindakan",refleksi_personal,"faq_002,value_005"
reflection_002,refleksi,Perubahan Perilaku,Bagaimana mengubah kebiasaan buang sampah?,Perubahan dimulai dari kesadaran akan dampak sampah terhadap lingkungan. Mulai dengan langkah kecil seperti selalu membawa tempat sampah sendiri memilah sampah di rumah dan membuang sampah pada tempatnya. Ajak keluarga dan teman untuk melakukan hal yang sama. Konsistensi adalah kunci perubahan perilaku.,"refleksi,perubahan,kebiasaan,perilaku",refleksi_perilaku,"value_001,discuss_005"
reflection_003,refleksi,Masa Depan Lingkungan,Bagaimana masa depan lingkungan kita?,Masa depan lingkungan bergantung pada tindakan kita hari ini. Jika semua pihak berkomitmen menerapkan prinsip kimia hijau melestarikan tradisi seperti Mapag Hujan dan konsisten menjaga lingkungan maka kita dapat mengurangi bencana mencegah pencemaran dan mewariskan bumi yang sehat untuk generasi mendatang.,"refleksi,masa depan,harapan,visi",refleksi_masa_depan,"value_005,discuss_006"
integration_001,integrasi_konsep,STEAM dalam Mapag Hujan,Bagaimana STEAM terintegrasi dalam Mapag Hujan?,Mapag Hujan mengintegrasikan STEAM secara utuh: Science (sains lingkungan dan kimia) Technology (biopori trash boom kolam retensi) Engineering (rekayasa sistem drainase) Art (seni tradisional dan modern) Mathematics (analisis data efektivitas program). Pendekatan holistik ini membuat pembelajaran bermakna dan kontekstual.,"integrasi,STEAM,holistik,pembelajaran",pendekatan_holistik,"flow_003,flow_004,flow_005,flow_006,flow_007"
integration_002,integrasi_konsep,Kearifan Lokal dan Modern,Bagaimana kearifan lokal bertemu dengan teknologi modern?,Mapag Hujan memadukan kearifan lokal berupa gotong royong rasa syukur pada alam dan filosofi Sunda dengan teknologi modern seperti biopori trash boom dan sistem monitoring banjir. Perpaduan ini menciptakan solusi yang efektif karena didukung oleh partisipasi masyarakat dan inovasi teknologi.,"integrasi,tradisi,teknologi,inovasi",perpaduan_nilai,"value_003,tech_001"
integration_003,integrasi_konsep,Literasi Lingkungan Holistik,Apa itu literasi lingkungan holistik?,Literasi lingkungan holistik adalah pemahaman menyeluruh tentang lingkungan yang mencakup aspek ekologi sosial ekonomi dan budaya. Mapag Hujan mengajarkan literasi ini melalui pengalaman langsung: memahami sains di balik fenomena alam menerapkan teknologi ramah lingkungan dan menghargai nilai budaya lokal.,"integrasi,literasi,holistik,komprehensif",literasi_menyeluruh,"value_001,integration_001"
challenge_001,tantangan,Hambatan Implementasi,Apa tantangan dalam menerapkan Mapag Hujan?,Tantangan yang dihadapi antara lain: 1) Kurangnya kesadaran sebagian masyarakat 2) Keterbatasan dana untuk infrastruktur 3) Perubahan iklim yang tidak terprediksi 4) Kesulitan mengubah kebiasaan buang sampah sembarangan 5) Perlu konsistensi jangka panjang. Namun dengan kolaborasi semua pihak tantangan ini bisa diatasi.,"tantangan,hambatan,kendala,solusi",identifikasi_tantangan,"value_002,faq_001"
challenge_002,tantangan,Mengatasi Resistensi,Bagaimana mengatasi resistensi masyarakat?,Mengatasi resistensi dengan: 1) Edukasi berkelanjutan tentang manfaat program 2) Menunjukkan bukti nyata keberhasilan melalui data 3) Melibatkan tokoh masyarakat sebagai role model 4) Memberikan insentif untuk partisipasi aktif 5) Membuat kegiatan yang menyenangkan dan melibatkan seluruh keluarga.,"tantangan,solusi,strategi,edukasi",strategi_mengatasi,"value_002,discuss_005"
challenge_003,tantangan,Keberlanjutan Program,Bagaimana menjaga keberlanjutan program?,Keberlanjutan dijaga melalui: 1) Institusionalisasi program dalam kebijakan daerah 2) Pembentukan kelompok masyarakat peduli lingkungan 3) Integrasi dalam kurikulum pendidikan 4) Monitoring dan evaluasi berkala 5) Dokumentasi dan diseminasi best practices 6) Regenerasi kepemimpinan dalam komunitas.,"tantangan,keberlanjutan,strategi,jangka panjang",strategi_berkelanjutan,"value_005,value_006"
innovation_001,inovasi,Teknologi Masa Depan,Apa inovasi teknologi untuk masa depan?,Inovasi yang bisa dikembangkan: 1) Sensor IoT untuk monitoring debit air sungai real-time 2) Aplikasi mobile untuk pelaporan titik sampah 3) Drone untuk pemetaan area rawan banjir 4) Sistem informasi geografis untuk perencanaan infrastruktur hijau 5) Biodigester komunal untuk mengolah sampah organik menjadi energi.,"inovasi,teknologi,masa depan,pengembangan",inovasi_teknologi,"tech_001,integration_002"
innovation_002,inovasi,Model Ekonomi Sirkular,Bagaimana ekonomi sirkular diterapkan?,Model ekonomi sirkular dalam Mapag Hujan: sampah organik menjadi kompos melalui biopori kompos digunakan untuk pertanian urban hasil panen dikonsumsi masyarakat sisa organik kembali ke biopori. Sampah anorganik dikumpulkan bank sampah didaur ulang menjadi produk baru menghasilkan nilai ekonomi untuk masyarakat.,"inovasi,ekonomi sirkular,daur ulang,keberlanjutan",model_ekonomi,"green_001,tech_001"
innovation_003,inovasi,Gamifikasi Lingkungan,Bagaimana gamifikasi meningkatkan partisipasi?,Gamifikasi dapat diterapkan dengan sistem poin untuk setiap kegiatan lingkungan: membuat biopori dapat poin mengikuti gotong royong dapat poin memilah sampah dapat poin. Poin dapat ditukar dengan hadiah atau penghargaan. Papan peringkat komunitas menciptakan kompetisi sehat yang meningkatkan motivasi partisipasi.,"inovasi,gamifikasi,motivasi,partisipasi",strategi_partisipasi,"value_002,reflection_001"
data_001,data_pendukung,Statistik Banjir Bandung 2015,Bagaimana kondisi banjir Bandung tahun 2015?,Tahun 2015 Kota Bandung mengalami kondisi banjir yang cukup parah dengan volume genangan lebih dari 99.000 m³ dan banyak titik banjir tersebar di berbagai wilayah. Kondisi ini menjadi baseline untuk mengukur keberhasilan program mitigasi banjir yang dilakukan selama periode 2015-2023.,"data,statistik,2015,baseline",data_historis,"math_001,intro_004"
data_002,data_pendukung,Statistik Banjir Bandung 2023,Bagaimana kondisi banjir Bandung tahun 2023?,Tahun 2023 kondisi banjir Bandung mengalami perbaikan signifikan dengan volume genangan menurun menjadi 36.000 m³ dan jumlah titik banjir menjadi 7 titik. Perbaikan ini menunjukkan keberhasilan kolaborasi pemerintah masyarakat dan komunitas dalam mitigasi banjir melalui berbagai program termasuk Mapag Hujan.,"data,statistik,2023,hasil",data_terkini,"math_001,math_002"
data_003,data_pendukung,Infrastruktur Hijau Bandung,Berapa infrastruktur hijau di Bandung?,Selama periode 2015-2024 Bandung membangun 13 kolam retensi sebagai infrastruktur hijau untuk menampung air hujan berlebih. Selain itu ribuan lubang biopori dibuat oleh masyarakat di berbagai wilayah dan puluhan trash boom dipasang di sungai-sungai untuk menahan sampah.,"data,infrastruktur,investasi",data_pembangunan,"tech_005,math_003"
data_004,data_pendukung,Partisipasi Masyarakat,Berapa partisipasi masyarakat dalam Mapag Hujan?,Program Mapag Hujan dan Maraton Bebersih melibatkan ribuan warga setiap tahunnya. Ratusan RT dan RW berpartisipasi aktif dalam pembersihan sungai pembuatan biopori dan pengelolaan sampah. Partisipasi tinggi ini menunjukkan kesadaran masyarakat yang meningkat terhadap isu lingkungan.,"data,partisipasi,keterlibatan",data_sosial,"context_002,value_002"
comparison_001,perbandingan,Sebelum vs Sesudah Program,Apa perubahan sebelum dan sesudah program?,Sebelum program: sungai kotor penuh sampah sering banjir kesadaran lingkungan rendah infrastruktur mitigasi minimal. Sesudah program: sungai lebih bersih volume dan titik banjir berkurang signifikan kesadaran masyarakat meningkat biopori dan kolam retensi tersebar di berbagai area. Perubahan ini terukur melalui data kuantitatif.,"perbandingan,sebelum,sesudah,dampak",analisis_perbandingan,"data_001,data_002"
comparison_002,perbandingan,Metode Tradisional vs Modern,Apa perbedaan metode tradisional dan modern?,Metode tradisional: gotong royong manual membersihkan sungai doa dan ritual syukuran penanaman pohon secara komunal. Metode modern: penggunaan teknologi biopori trash boom kolam retensi monitoring dengan IoT analisis data untuk evaluasi. Keduanya saling melengkapi dan sama-sama efektif dalam konteksnya.,"perbandingan,tradisional,modern,metode",analisis_metode,"value_003,integration_002"
expert_001,pendapat_ahli,Ahli Lingkungan,Apa kata ahli tentang Mapag Hujan?,Ahli lingkungan menyatakan bahwa Mapag Hujan merupakan model yang baik dalam mengintegrasikan kearifan lokal dengan pengetahuan ilmiah modern. Pendekatan partisipatif yang melibatkan masyarakat secara langsung terbukti lebih berkelanjutan dibandingkan program top-down yang hanya mengandalkan pemerintah.,"ahli,pendapat,expert,validasi",perspektif_ahli,"value_001,integration_002"
expert_002,pendapat_ahli,Ahli Hidrologi,Apa kata ahli hidrologi tentang biopori?,Ahli hidrologi menjelaskan bahwa biopori sangat efektif meningkatkan infiltrasi air karena menciptakan banyak pori-pori kecil di dalam tanah. Satu lubang biopori dapat meningkatkan luas permukaan resapan hingga 40 kali lipat dibandingkan lubang biasa. Jika diterapkan massal dampaknya sangat signifikan untuk mitigasi banjir.,"ahli,hidrologi,biopori,efektivitas",validasi_ilmiah,"tech_001,faq_007"
glossary_001,glosarium,Walungan,Apa arti walungan?,Walungan adalah kata dalam bahasa Sunda yang berarti sungai. Dalam konteks Mapag Hujan walungan mengacu pada sungai-sungai yang menjadi fokus pembersihan dalam gerakan Maraton Bebersih Walungan dan Susukan di Kota Bandung.,"glosarium,bahasa sunda,istilah,walungan",kamus_istilah,"intro_002,glossary_002"
glossary_002,glosarium,Susukan,Apa arti susukan?,Susukan adalah kata dalam bahasa Sunda yang berarti saluran air atau selokan. Dalam konteks Mapag Hujan susukan mengacu pada saluran-saluran air yang perlu dibersihkan untuk memastikan aliran air lancar dan mencegah banjir.,"glosarium,bahasa sunda,istilah,susukan",kamus_istilah,"intro_002,glossary_001"
glossary_003,glosarium,Ruwat Jagat,Apa arti Ruwat Jagat?,Ruwat Jagat adalah istilah dalam bahasa Jawa dan Sunda yang berarti upacara pembersihan atau penyucian alam semesta. Dalam konteks Mapag Hujan Subang Ruwat Jagat merupakan bagian dari tradisi yang mengandung makna spiritual untuk membersihkan dan menyucikan bumi sebagai wujud syukur.,"glosarium,bahasa sunda,istilah,ruwat jagat",kamus_istilah,"intro_005,glossary_001"
glossary_004,glosarium,Infiltrasi,Apa arti infiltrasi?,Infiltrasi adalah proses meresapnya air ke dalam tanah. Dalam konteks mitigasi banjir meningkatkan infiltrasi sangat penting agar air hujan tidak langsung mengalir ke permukaan tetapi terserap ke dalam tanah mengisi cadangan air tanah dan mengurangi risiko genangan.,"glosarium,istilah teknis,infiltrasi,hidrologi",kamus_istilah,"science_013,tech_001"
glossary_005,glosarium,Run-off,Apa arti run-off?,Run-off atau limpasan permukaan adalah air hujan yang mengalir di permukaan tanah karena tidak terserap. Run-off yang tinggi menyebabkan erosi dan banjir. Biopori dan penghijauan membantu mengurangi run-off dengan meningkatkan kemampuan tanah menyerap air.,"glosarium,istilah teknis,run-off,hidrologi",kamus_istilah,"science_013,glossary_004"
glossary_006,glosarium,Kompos,Apa arti kompos?,Kompos adalah hasil penguraian sampah organik menjadi pupuk alami yang kaya nutrisi. Proses pembuatan kompos disebut pengomposan atau composting. Dalam biopori sampah organik terurai secara alami menjadi kompos yang memperbaiki kualitas dan kesuburan tanah.,"glosarium,istilah teknis,kompos,pupuk organik",kamus_istilah,"tech_001,tech_002"
tips_001,tips_praktis,Tips Membuat Biopori,Apa tips sukses membuat biopori?,Tips membuat biopori: 1) Pilih lokasi yang sering tergenang atau dekat pohon 2) Buat beberapa lubang dengan jarak 1-3 meter 3) Gunakan pipa PVC berkualitas baik 4) Isi dengan sampah organik yang sudah dipotong kecil agar cepat terurai 5) Tutup dengan jaring atau penutup berlubang agar tidak masuk hewan 6) Periksa dan tambahkan sampah organik secara rutin.,"tips,panduan,praktis,cara sukses",tips_implementasi,"tech_007,faq_006"
tips_002,tips_praktis,Tips Memilah Sampah,Bagaimana memilah sampah dengan benar?,Tips memilah sampah: 1) Sediakan 3 tempat sampah berbeda (organik anorganik B3) 2) Sampah organik: sisa makanan daun sayuran buah 3) Sampah anorganik: plastik kertas logam kaca 4) Sampah B3: baterai lampu limbah elektronik 5) Cuci bersih sampah anorganik sebelum dibuang 6) Kirim sampah anorganik ke bank sampah atau pemulung.,"tips,panduan,pemilahan,pengelolaan",tips_pengelolaan,"tech_001,green_005"
tips_003,tips_praktis,Tips Mengajak Keluarga,Bagaimana mengajak keluarga peduli lingkungan?,Tips mengajak keluarga: 1) Mulai dengan memberi contoh nyata 2) Jelaskan manfaat untuk kesehatan dan masa depan anak 3) Libatkan anak dalam kegiatan menyenangkan seperti berkebun dan membuat biopori 4) Buat tantangan keluarga seperti mengurangi sampah plastik 5) Rayakan pencapaian bersama 6) Ajak ke kegiatan komunitas lingkungan.,"tips,panduan,keluarga,edukasi",tips_edukasi,"reflection_001,value_002"
resource_001,sumber_daya,Website Referensi,Di mana mencari informasi lebih lanjut?,Sumber informasi: 1) Website Dinas Lingkungan Hidup Kota Bandung 2) Ciliwung Institute 3) Biopori.com 4) Portal resmi pemerintah tentang mitigasi banjir 5) Jurnal ilmiah tentang green chemistry dan environmental science 6) Komunitas peduli sungai lokal di media sosial.,"sumber,referensi,website,informasi",sumber_informasi,"context_002,expert_001"
resource_002,sumber_daya,Komunitas Lokal,Bagaimana bergabung dengan komunitas?,Cara bergabung komunitas: 1) Cari komunitas peduli lingkungan di wilayah melalui media sosial 2) Ikuti akun resmi pemerintah daerah untuk info kegiatan 3) Datang ke RT/RW untuk info program lokal 4) Hubungi sekolah atau kampus yang memiliki program lingkungan 5) Ikuti event car free day yang sering ada booth komunitas lingkungan.,"sumber,komunitas,kontak,jaringan",jaringan_komunitas,"value_002,context_002"
milestone_001,pencapaian,Target 2030,Apa target Bandung tahun 2030?,Target Bandung 2030: 1) Zero titik banjir di area strategis 2) Setiap kelurahan memiliki minimal 1 kolam retensi 3) Setiap rumah memiliki minimal 1 lubang biopori 4) Pengurangan sampah 50% melalui program 3R 5) 100% sungai dalam kondisi bersih dan sehat 6) Partisipasi masyarakat 80% dalam program lingkungan.,"target,milestone,2030,visi",target_masa_depan,"value_005,innovation_001"
closure_001,penutup,Kesimpulan Pembelajaran,Apa kesimpulan dari pembelajaran ini?,Tradisi Mapag Hujan mengajarkan bahwa masalah lingkungan dapat diatasi melalui kolaborasi antara kearifan lokal dan pengetahuan modern. Dengan memahami aspek sains teknologi engineering seni dan matematika kita dapat merancang solusi berkelanjutan. Setiap individu memiliki peran penting dalam menjaga lingkungan untuk masa depan yang lebih baik.,"kesimpulan,ringkasan,pembelajaran,takeaway",penutup_pembelajaran,"integration_001,reflection_003"
closure_002,penutup,Ajakan Bertindak,Apa yang harus dilakukan setelah ini?,Setelah mempelajari Mapag Hujan saatnya bertindak: 1) Mulai membuat biopori di rumah 2) Ajak keluarga memilah sampah 3) Ikut kegiatan gotong royong di lingkungan 4) Bagikan pengetahuan ke teman dan keluarga 5) Kurangi penggunaan plastik sekali pakai 6) Jadi agen perubahan di lingkunganmu. Ingat setiap tindakan kecil sangat berarti!,"ajakan,call to action,tindakan,komitmen",ajakan_bertindak,"reflection_001,tips_003"